jurisdiction,total_prison_pop_22,num_prison_workers,lower_bound_pay_non_industry,upper_bound_pay_non_industry,lower_bound_pay_state_industry,upper_bound_pay_state_industry,mean_pay_non_industry,mean_pay_state_industry,minimum_wage_2022,total_co_employment,annual_mean_salary,correction_expends_abv,total_correction_expends
Alabama,26421,,0.0,0.0,0.25,0.75,0.0,0.5,0.0,5310.0,41240.0,799779,799779000
Alaska,4778,,0.3,0.9,,,0.6,,10.34,1240.0,67940.0,441001,441001000
Arizona,33865,18097.0,0.15,0.45,0.23,1.0,0.3,0.62,12.8,12790.0,47270.0,1410674,1410674000
Arkansas,17625,7837.0,0.0,0.0,0.0,0.0,0.0,0.0,11.0,4630.0,39170.0,359934,359934000
California,97608,64788.0,0.08,0.37,0.35,1.0,0.22,0.68,14.0,35310.0,84520.0,11089374,11089374000
Colorado,17168,10392.0,0.33,1.61,0.86,2.49,0.97,1.68,12.56,6520.0,56810.0,1193677,1193677000
Connecticut,10506,,0.12,0.9,0.3,1.5,0.51,0.9,14.0,3540.0,56370.0,702149,702149000
Delaware,4954,,,,0.25,2.0,,1.12,10.5,1680.0,51070.0,447049,447049000
Federal,159309,,0.12,0.4,0.23,1.15,0.26,0.69,7.25,,,61396153,61396153000
Florida,84678,,0.0,0.32,0.2,0.95,0.16,0.57,10.0,16870.0,48720.0,3028852,3028852000
Georgia,48439,,0.0,0.0,0.0,0.0,0.0,0.0,7.25,9930.0,38270.0,1734037,1734037000
Hawaii,4149,,0.25,1.0,0.5,2.5,0.62,1.5,12.0,1290.0,63120.0,235403,235403000
Idaho,9110,,0.2,0.9,,,0.55,,7.25,1530.0,47680.0,369574,369574000
Illinois,29634,,0.13,0.39,0.3,2.4,0.26,1.35,12.0,12900.0,64840.0,1735609,1735609000
Indiana,25286,,0.12,0.25,0.3,0.55,0.18,0.43,7.25,7240.0,41330.0,834267,834267000
Iowa,8473,,0.28,0.71,0.7,0.95,0.5,0.82,7.25,3250.0,50580.0,340506,340506000
Kansas,8709,,0.06,0.13,0.25,3.0,0.1,1.62,7.25,3100.0,41110.0,460871,460871000
Kentucky,19744,,0.1,0.3,,,0.2,,7.25,4840.0,37870.0,745033,745033000
Louisiana,27296,,0.02,0.04,0.02,0.4,0.03,0.21,0.0,5620.0,38400.0,844573,844573000
Maine,1675,,0.0,1.57,0.5,2.8,0.78,1.65,12.75,1150.0,44360.0,204923,204923000
Maryland,15637,13242.0,0.14,0.43,0.17,1.16,0.29,0.66,12.5,6260.0,54450.0,1694528,1694528000
Massachusetts,6001,,0.16,0.79,0.4,1.55,0.48,0.98,14.25,5520.0,69140.0,1638342,1638342000
Michigan,32374,,0.16,38.0,,,19.08,,9.87,7860.0,55180.0,1917553,1917553000
Minnesota,8636,,0.25,1.0,0.5,2.0,0.62,1.25,10.33,5050.0,55650.0,635176,635176000
Mississippi,19802,,0.0,0.0,0.2,1.3,0.0,0.75,0.0,4150.0,33500.0,313852,313852000
Missouri,23911,,0.05,0.06,0.3,0.71,0.06,0.5,11.15,5280.0,38480.0,782959,782959000
Montana,4691,16430.0,0.16,1.12,0.21,1.25,0.64,0.73,9.2,1300.0,43440.0,224661,224661000
Nebraska,5649,3092.0,,,0.38,1.08,,0.73,9.0,2510.0,47220.0,485150,485150000
Nevada,10304,,0.0,0.0,0.35,4.5,0.0,2.42,9.5,2950.0,65190.0,415344,415344000
New Hampshire,2086,1244.0,0.21,1.0,0.25,1.6,0.6,0.92,7.25,750.0,50920.0,162647,162647000
New Jersey,12657,,0.2,0.25,0.2,0.25,0.22,0.22,13.0,8610.0,76810.0,1616262,1616262000
New Mexico,4970,,0.1,1.0,0.3,1.1,0.55,0.7,11.5,3070.0,39660.0,520069,520069000
New York,31148,31000.0,0.1,0.33,0.16,0.65,0.22,0.4,13.2,31650.0,70570.0,3274868,3274868000
North Carolina,29627,13142.0,0.05,0.33,0.05,0.38,0.19,0.22,7.25,13500.0,40710.0,1789274,1789274000
North Dakota,1817,1505.0,0.05,0.13,0.45,1.79,0.09,1.12,7.25,1070.0,48320.0,127164,127164000
Ohio,45313,,0.1,0.17,0.23,1.35,0.14,0.79,9.3,12880.0,50350.0,2134924,2134924000
Oklahoma,22941,,0.05,0.1,0.2,0.6,0.08,0.4,7.25,4600.0,35480.0,619842,619842000
Oregon,12518,,,,0.05,0.47,,0.26,13.5,4480.0,69950.0,1195051,1195051000
Pennsylvania,37910,30491.0,0.19,0.51,0.19,0.51,0.35,0.35,7.25,15910.0,58190.0,2696941,2696941000
Rhode Island,2393,2163.0,0.08,0.47,0.22,0.44,0.27,0.33,12.25,,,275113,275113000
South Carolina,16318,14786.0,0.0,0.0,0.0,2.0,0.0,1.0,0.0,4780.0,42240.0,647092,647092000
South Dakota,3444,,0.25,0.25,0.25,0.5,0.25,0.38,9.95,1300.0,43110.0,148717,148717000
Tennessee,23735,7724.0,0.17,0.59,,,0.38,,0.0,7410.0,40970.0,1045095,1045095000
Texas,139631,121247.0,0.0,0.0,0.0,0.0,0.0,0.0,7.25,41840.0,44550.0,4229695,4229695000
Utah,6009,,,,0.6,1.75,,1.18,7.25,1840.0,49460.0,465808,465808000
Vermont,1360,,0.25,0.25,0.25,1.35,0.25,0.8,12.55,420.0,50900.0,169181,169181000
Virginia,27162,16000.0,0.25,0.25,0.55,0.8,0.25,0.68,11.0,11120.0,45530.0,2144489,2144489000
Washington,13772,8392.0,0.0,0.39,0.7,2.7,0.2,1.7,14.49,6020.0,63580.0,1313574,1313574000
West Virginia,5873,1010.0,0.09,0.51,0.25,1.25,0.3,0.75,8.75,2790.0,44320.0,339510,339510000
Wisconsin,20873,15724.0,0.12,0.42,0.97,0.97,0.27,0.97,7.25,6720.0,52120.0,1259685,1259685000
Wyoming,2154,,0.35,1.0,0.5,1.2,0.68,0.85,7.25,910.0,46690.0,136302,136302000
